class,precision,recall,f1-score,support
airplane,0.9433962264150944,1.0,0.970873786407767,100.0
bathtub,0.8888888888888888,0.8,0.8421052631578947,50.0
bed,0.96875,0.93,0.9489795918367347,100.0
bench,0.6666666666666666,0.7,0.6829268292682927,20.0
bookshelf,0.6691176470588235,0.91,0.7711864406779662,100.0
bottle,0.8508771929824561,0.97,0.9065420560747663,100.0
bowl,0.7083333333333334,0.85,0.7727272727272727,20.0
car,0.9117647058823529,0.93,0.9207920792079208,100.0
chair,0.9494949494949495,0.94,0.9447236180904522,100.0
cone,0.8181818181818182,0.9,0.8571428571428571,20.0
cup,0.36363636363636365,0.2,0.25806451612903225,20.0
curtain,0.4186046511627907,0.9,0.5714285714285714,20.0
desk,0.7108433734939759,0.686046511627907,0.6982248520710059,86.0
door,0.5263157894736842,0.5,0.5128205128205128,20.0
dresser,0.6222222222222222,0.6511627906976745,0.6363636363636364,86.0
flower_pot,0.0,0.0,0.0,20.0
glass_box,0.8617021276595744,0.81,0.8350515463917526,100.0
guitar,0.9795918367346939,0.96,0.9696969696969697,100.0
keyboard,0.95,0.95,0.95,20.0
lamp,0.5925925925925926,0.8,0.6808510638297872,20.0
laptop,0.9523809523809523,1.0,0.975609756097561,20.0
mantel,0.8035714285714286,0.9,0.8490566037735849,100.0
monitor,0.9150943396226415,0.97,0.941747572815534,100.0
night_stand,0.6206896551724138,0.4186046511627907,0.5,86.0
person,0.7142857142857143,0.75,0.7317073170731707,20.0
piano,0.9583333333333334,0.69,0.8023255813953488,100.0
plant,0.8369565217391305,0.77,0.8020833333333334,100.0
radio,0.6111111111111112,0.55,0.5789473684210527,20.0
range_hood,1.0,0.73,0.8439306358381503,100.0
sink,0.6666666666666666,0.5,0.5714285714285714,20.0
sofa,0.9230769230769231,0.96,0.9411764705882353,100.0
stairs,0.7142857142857143,0.75,0.7317073170731707,20.0
stool,0.6470588235294118,0.55,0.5945945945945946,20.0
table,0.7387387387387387,0.82,0.7772511848341233,100.0
tent,0.68,0.85,0.7555555555555555,20.0
toilet,0.9494949494949495,0.94,0.9447236180904522,100.0
tv_stand,0.7901234567901234,0.64,0.7071823204419889,100.0
vase,0.7166666666666667,0.86,0.7818181818181819,100.0
wardrobe,0.5882352941176471,0.5,0.5405405405405406,20.0
xbox,0.41935483870967744,0.65,0.5098039215686274,20.0
accuracy,0.8111831442463533,0.8111831442463533,0.8111831442463533,0.8111831442463533
macro avg,0.7411776378543381,0.7546453488372092,0.7402922977151243,2468.0
weighted avg,0.8143827824350631,0.8111831442463533,0.8068521732611765,2468.0
